file,line,operator,before,after,mutant_id,paper_category
org/knowm/xchart/BitmapEncoder.java,269,NullifyReturnValue,return imageInBytes;,return null;,166,
org/knowm/xchart/BitmapEncoder.java,44,RelationalOperatorReplacement,if (fileName.length() <= newFileExtension.length(),if (fileName.length() < newFileExtension.length(),169,
org/knowm/xchart/BitmapEncoder.java,292,RelationalOperatorReplacement,for (int row = 0; row < rows; row++) {,for (int row = 0; row <= rows; row++) {,170,
org/knowm/xchart/BitmapEncoder.java,293,RelationalOperatorReplacement,for (int col = 0; col < cols; col++) {,for (int col = 0; col <= cols; col++) {,171,
org/knowm/xchart/CSVExporter.java,72,RelationalOperatorReplacement,for (int i = 1; i < seriesData.length; i++) {,for (int i = 1; i <= seriesData.length; i++) {,360,
org/knowm/xchart/CSVExporter.java,112,RelationalOperatorReplacement,for (int i = 0; i < xData.length; i++) {,for (int i = 0; i <= xData.length; i++) {,362,
org/knowm/xchart/CSVImporter.java,153,RelationalOperatorReplacement,if (dataArray.length > 2) {,if (dataArray.length >= 2) {,425,
org/knowm/xchart/CategoryChart.java,230,RelationalOperatorReplacement,for (int i = 1; i <= newYData.size(); i++) {,for (int i = 1; i < newYData.size(); i++) {,499,
org/knowm/xchart/DialChart.java,103,RelationalOperatorReplacement,if (value < 0 || value > 1) {,if (value <= 0 || value > 1) {,571,
org/knowm/xchart/DialChart.java,103,RelationalOperatorReplacement,if (value < 0 || value > 1) {,if (value < 0 || value >= 1) {,572,
org/knowm/xchart/HeatMapChart.java,183,RelationalOperatorReplacement,for (int i = 0; i < heatData.length; i++) {,for (int i = 0; i <= heatData.length; i++) {,641,
org/knowm/xchart/HeatMapChart.java,185,RelationalOperatorReplacement,for (int j = 0; j < array.length; j++) {,for (int j = 0; j <= array.length; j++) {,642,
org/knowm/xchart/HeatMapChart.java,225,RelationalOperatorReplacement,if (numbers[0].intValue() < 0 || numbers[1].intValue() < 0) {,if (numbers[0].intValue() <= 0 || numbers[1].intValue() < 0) {,654,
org/knowm/xchart/HeatMapChart.java,225,RelationalOperatorReplacement,if (numbers[0].intValue() < 0 || numbers[1].intValue() < 0) {,if (numbers[0].intValue() < 0 || numbers[1].intValue() <= 0) {,655,
org/knowm/xchart/HeatMapSeries.java,59,RelationalOperatorReplacement,if (min > number.doubleValue()) {,if (min >= number.doubleValue()) {,707,
org/knowm/xchart/HeatMapSeries.java,62,RelationalOperatorReplacement,if (max < number.doubleValue()) {,if (max <= number.doubleValue()) {,708,
org/knowm/xchart/Histogram.java,36,RelationalOperatorReplacement,if (value > tempMax) {,if (value >= tempMax) {,755,
org/knowm/xchart/Histogram.java,39,RelationalOperatorReplacement,if (value < tempMin) {,if (value <= tempMin) {,756,
org/knowm/xchart/Histogram.java,61,RelationalOperatorReplacement,if (max < min) {,if (max <= min) {,757,
org/knowm/xchart/Histogram.java,85,RelationalOperatorReplacement,if (numBins <= 0) {,if (numBins < 0) {,759,
org/knowm/xchart/Histogram.java,104,RelationalOperatorReplacement,if (doubleValue < min || doubleValue > max) {,if (doubleValue <= min || doubleValue > max) {,760,
org/knowm/xchart/Histogram.java,104,RelationalOperatorReplacement,if (doubleValue < min || doubleValue > max) {,if (doubleValue < min || doubleValue >= max) {,761,
org/knowm/xchart/Histogram.java,108,RelationalOperatorReplacement,if (bin < numBins) {,if (bin <= numBins) {,762,
org/knowm/xchart/Histogram.java,121,RelationalOperatorReplacement,for (int i = 0; i < numBins; i++) {,for (int i = 0; i <= numBins; i++) {,763,
org/knowm/xchart/OHLCSeries.java,288,NullifyReturnValue,return volumeData;,return null;,1000,
org/knowm/xchart/OHLCSeries.java,293,NullifyReturnValue,return yData;,return null;,1001,
org/knowm/xchart/OHLCSeries.java,231,RelationalOperatorReplacement,for (int i = 0; i < highs.length; i++) {,for (int i = 0; i <= highs.length; i++) {,1007,
org/knowm/xchart/OHLCSeries.java,233,RelationalOperatorReplacement,if (!Double.isNaN(highs[i]) && highs[i] > max) {,if (!Double.isNaN(highs[i]) && highs[i] >= max) {,1008,
org/knowm/xchart/OHLCSeries.java,236,RelationalOperatorReplacement,if (!Double.isNaN(lows[i]) && lows[i] < min) {,if (!Double.isNaN(lows[i]) && lows[i] <= min) {,1009,
org/knowm/xchart/OHLCSeries.java,241,NullifyReturnValue,"return new double[] {min, max};",return null;,994,
org/knowm/xchart/OHLCSeries.java,262,NullifyReturnValue,return xData;,return null;,995,
org/knowm/xchart/OHLCSeries.java,267,NullifyReturnValue,return openData;,return null;,996,
org/knowm/xchart/OHLCSeries.java,272,NullifyReturnValue,return highData;,return null;,997,
org/knowm/xchart/OHLCSeries.java,277,NullifyReturnValue,return lowData;,return null;,998,
org/knowm/xchart/OHLCSeries.java,282,NullifyReturnValue,return closeData;,return null;,999,
org/knowm/xchart/PdfboxGraphicsEncoder.java,134,RelationalOperatorReplacement,if (fileName.length() <= PDF_FILE_EXTENSION.length(),if (fileName.length() < PDF_FILE_EXTENSION.length(),1064,
org/knowm/xchart/QuickChart.java,70,RelationalOperatorReplacement,for (int i = 0; i < yData.length; i++) {,for (int i = 0; i <= yData.length; i++) {,1134,
org/knowm/xchart/RadarChart.java,128,RelationalOperatorReplacement,if (values.length < radiiLabels.length) {,if (values.length <= radiiLabels.length) {,1165,
org/knowm/xchart/RadarChart.java,132,RelationalOperatorReplacement,if (d < 0 || d > 1) {,if (d <= 0 || d > 1) {,1166,
org/knowm/xchart/RadarChart.java,132,RelationalOperatorReplacement,if (d < 0 || d > 1) {,if (d < 0 || d >= 1) {,1167,
org/knowm/xchart/RadarChart.java,137,RelationalOperatorReplacement,if (annotations != null && annotations.length < radiiLabels.length) {,if (annotations != null && annotations.length <= radiiLabels.length) {,1169,
org/knowm/xchart/RadarSeries.java,44,NullifyReturnValue,return values;,return null;,1199,
org/knowm/xchart/RadarSeries.java,73,RelationalOperatorReplacement,if (this.lineWidth > 0.0f) {,if (this.lineWidth >= 0.0f) {,1211,
org/knowm/xchart/VectorGraphicsEncoder.java,82,RelationalOperatorReplacement,if (fileName.length() <= newFileExtension.length(),if (fileName.length() < newFileExtension.length(),1285,
org/knowm/xchart/XChartPanel.java,189,RelationalOperatorReplacement,if (this.getWidth() > this.getHeight()) {,if (this.getWidth() >= this.getHeight()) {,1360,
org/knowm/xchart/XChartPanel.java,547,RelationalOperatorReplacement,if (pageIndex > 0) {,if (pageIndex >= 0) {,1366,
org/knowm/xchart/internal/Utils.java,74,NullifyReturnValue,return null;,return null;,1593,
org/knowm/xchart/internal/Utils.java,81,NullifyReturnValue,return doubles;,return null;,1594,
org/knowm/xchart/internal/Utils.java,87,NullifyReturnValue,return null;,return null;,1595,
org/knowm/xchart/internal/Utils.java,94,NullifyReturnValue,return doubles;,return null;,1596,
org/knowm/xchart/internal/Utils.java,100,NullifyReturnValue,return null;,return null;,1597,
org/knowm/xchart/internal/Utils.java,112,NullifyReturnValue,return doubles;,return null;,1598,
org/knowm/xchart/internal/Utils.java,118,NullifyReturnValue,return null;,return null;,1599,
org/knowm/xchart/internal/Utils.java,126,NullifyReturnValue,return doubles;,return null;,1600,
org/knowm/xchart/internal/Utils.java,135,NullifyReturnValue,return generatedData;,return null;,1601,
org/knowm/xchart/internal/Utils.java,141,NullifyReturnValue,return null;,return null;,1602,
org/knowm/xchart/internal/Utils.java,148,NullifyReturnValue,return longs;,return null;,1603,
org/knowm/xchart/internal/Utils.java,154,NullifyReturnValue,return null;,return null;,1604,
org/knowm/xchart/internal/Utils.java,161,NullifyReturnValue,return longs;,return null;,1605,
org/knowm/xchart/internal/Utils.java,167,NullifyReturnValue,return null;,return null;,1606,
org/knowm/xchart/internal/Utils.java,179,NullifyReturnValue,return longs;,return null;,1607,
org/knowm/xchart/internal/Utils.java,27,RelationalOperatorReplacement,if (exponent > 0) {,if (exponent >= 0) {,1609,
org/knowm/xchart/internal/Utils.java,65,RelationalOperatorReplacement,for (int i = 1; i < length + 1; i++) {,for (int i = 1; i <= length + 1; i++) {,1612,
org/knowm/xchart/internal/Utils.java,78,RelationalOperatorReplacement,for (int i = 0; i < data.length; i++) {,for (int i = 0; i <= data.length; i++) {,1614,
org/knowm/xchart/internal/Utils.java,91,RelationalOperatorReplacement,for (int i = 0; i < data.length; i++) {,for (int i = 0; i <= data.length; i++) {,1616,
org/knowm/xchart/internal/Utils.java,132,RelationalOperatorReplacement,for (int i = 0; i < length; i++) {,for (int i = 0; i <= length; i++) {,1620,
org/knowm/xchart/internal/Utils.java,145,RelationalOperatorReplacement,for (int i = 0; i < data.length; i++) {,for (int i = 0; i <= data.length; i++) {,1622,
org/knowm/xchart/internal/Utils.java,158,RelationalOperatorReplacement,for (int i = 0; i < data.length; i++) {,for (int i = 0; i <= data.length; i++) {,1624,
org/knowm/xchart/internal/Utils.java,192,RelationalOperatorReplacement,if (fileName.length() <= fileExtension.length(),if (fileName.length() < fileExtension.length(),1627,
org/knowm/xchart/internal/chartpart/Axis.java,100,RelationalOperatorReplacement,if (Double.isNaN(this.min) || min < this.min) {,if (Double.isNaN(this.min) || min <= this.min) {,1817,
org/knowm/xchart/internal/chartpart/Axis.java,103,RelationalOperatorReplacement,if (Double.isNaN(this.max) || max > this.max) {,if (Double.isNaN(this.max) || max >= this.max) {,1818,
org/knowm/xchart/internal/chartpart/Axis.java,171,RelationalOperatorReplacement,} while (i-- > 0);,} while (i-- >= 0);,1823,
org/knowm/xchart/internal/chartpart/Axis.java,305,RelationalOperatorReplacement,for (int i = 0; i < axisTickCalculator.getTickLabels().size(); i++) {,for (int i = 0; i <= axisTickCalculator.getTickLabels().size(); i++) {,1828,
org/knowm/xchart/internal/chartpart/Axis.java,308,RelationalOperatorReplacement,&& axisTickCalculator.getTickLabels().get(i).length() > sampleLabel.length()) {,&& axisTickCalculator.getTickLabels().get(i).length() >= sampleLabel.length()) {,1830,
org/knowm/xchart/internal/chartpart/Axis.java,365,RelationalOperatorReplacement,for (int i = 0; i < axisTickCalculator.getTickLabels().size(); i++) {,for (int i = 0; i <= axisTickCalculator.getTickLabels().size(); i++) {,1834,
org/knowm/xchart/internal/chartpart/Axis.java,367,RelationalOperatorReplacement,&& axisTickCalculator.getTickLabels().get(i).length() > sampleLabel.length()) {,&& axisTickCalculator.getTickLabels().get(i).length() >= sampleLabel.length()) {,1836,
org/knowm/xchart/internal/chartpart/Axis.java,634,RelationalOperatorReplacement,if (min > max) {,if (min >= max) {,1846,
org/knowm/xchart/internal/chartpart/Axis.java,668,RelationalOperatorReplacement,if (tickSpace < axesChartStyler.getXAxisTickMarkSpacingHint()) {,if (tickSpace <= axesChartStyler.getXAxisTickMarkSpacingHint()) {,1850,
org/knowm/xchart/internal/chartpart/Axis.java,713,RelationalOperatorReplacement,if (min > max) {,if (min >= max) {,1853,
org/knowm/xchart/internal/chartpart/Axis.java,743,RelationalOperatorReplacement,if (tickSpace < axesChartStyler.getXAxisTickMarkSpacingHint()) {,if (tickSpace <= axesChartStyler.getXAxisTickMarkSpacingHint()) {,1856,
org/knowm/xchart/internal/chartpart/AxisPair.java,69,RelationalOperatorReplacement,if (desiredLeftYAxisWidth > 0) {,if (desiredLeftYAxisWidth >= 0) {,1990,
org/knowm/xchart/internal/chartpart/AxisPair.java,84,RelationalOperatorReplacement,if (leftCount > 1) {,if (leftCount >= 1) {,1992,
org/knowm/xchart/internal/chartpart/AxisPair.java,89,RelationalOperatorReplacement,if (widthEstimation < desiredLeftYAxisWidth) {,if (widthEstimation <= desiredLeftYAxisWidth) {,1993,
org/knowm/xchart/internal/chartpart/AxisPair.java,132,RelationalOperatorReplacement,if (leftCount > 1) {,if (leftCount >= 1) {,1997,
org/knowm/xchart/internal/chartpart/AxisPair.java,199,RelationalOperatorReplacement,if (rightCount > 1) {,if (rightCount >= 1) {,2004,
org/knowm/xchart/internal/chartpart/AxisPair.java,287,RelationalOperatorReplacement,if (chart.getSeriesMap() == null || chart.getSeriesMap().size() < 1) {,if (chart.getSeriesMap() == null || chart.getSeriesMap().size() <= 1) {,2009,
org/knowm/xchart/internal/chartpart/AxisPair.java,320,RelationalOperatorReplacement,if (chart.getStyler().isXAxisLogarithmic() && xAxis.getMin() <= 0.0) {,if (chart.getStyler().isXAxisLogarithmic() && xAxis.getMin() < 0.0) {,2011,
org/knowm/xchart/internal/chartpart/AxisPair.java,326,RelationalOperatorReplacement,if (ya.getMin() <= 0.0) {,if (ya.getMin() < 0.0) {,2012,
org/knowm/xchart/internal/chartpart/AxisPair.java,432,RelationalOperatorReplacement,if (next.doubleValue() > 0) {,if (next.doubleValue() >= 0) {,2026,
org/knowm/xchart/internal/chartpart/AxisPair.java,434,RelationalOperatorReplacement,} else if (next.doubleValue() < 0) {,} else if (next.doubleValue() <= 0) {,2027,
org/knowm/xchart/internal/chartpart/AxisPair.java,442,RelationalOperatorReplacement,for (int i = 1; i < accumulatedStackOffsetPos.length; i++) {,for (int i = 1; i <= accumulatedStackOffsetPos.length; i++) {,2028,
org/knowm/xchart/internal/chartpart/AxisPair.java,443,RelationalOperatorReplacement,if (accumulatedStackOffsetPos[i] > max) {,if (accumulatedStackOffsetPos[i] >= max) {,2029,
org/knowm/xchart/internal/chartpart/AxisPair.java,449,RelationalOperatorReplacement,for (int i = 1; i < accumulatedStackOffsetNeg.length; i++) {,for (int i = 1; i <= accumulatedStackOffsetNeg.length; i++) {,2030,
org/knowm/xchart/internal/chartpart/AxisPair.java,450,RelationalOperatorReplacement,if (accumulatedStackOffsetNeg[i] < min) {,if (accumulatedStackOffsetNeg[i] <= min) {,2031,
org/knowm/xchart/internal/chartpart/AxisPair.java,464,RelationalOperatorReplacement,if (yAxis.getMin() > 0.0) {,if (yAxis.getMin() >= 0.0) {,2032,
org/knowm/xchart/internal/chartpart/AxisPair.java,467,RelationalOperatorReplacement,if (yAxis.getMax() < 0.0) {,if (yAxis.getMax() <= 0.0) {,2033,
org/knowm/xchart/internal/chartpart/AxisTickCalculator_.java,128,RelationalOperatorReplacement,if (tickLabel != null && tickLabel.length() > sampleLabel.length()) {,if (tickLabel != null && tickLabel.length() >= sampleLabel.length()) {,2169,
org/knowm/xchart/internal/chartpart/AxisTickCalculator_.java,154,RelationalOperatorReplacement,return (largestLabelWidth * 1.1 < tickSpacingHint);,return (largestLabelWidth * 1.1 <= tickSpacingHint);,2171,
org/knowm/xchart/internal/chartpart/AxisTickCalculator_.java,174,RelationalOperatorReplacement,if (minValue > maxValue && minValue == Double.MAX_VALUE) {,if (minValue >= maxValue && minValue == Double.MAX_VALUE) {,2173,
org/knowm/xchart/internal/chartpart/AxisTickCalculator_.java,184,RelationalOperatorReplacement,if (axisDirection == Direction.X && tickSpace < styler.getXAxisTickMarkSpacingHint()) {,if (axisDirection == Direction.X && tickSpace <= styler.getXAxisTickMarkSpacingHint()) {,2176,
org/knowm/xchart/internal/chartpart/AxisTickCalculator_.java,187,RelationalOperatorReplacement,if (axisDirection == Direction.Y && tickSpace < styler.getYAxisTickMarkSpacingHint()) {,if (axisDirection == Direction.Y && tickSpace <= styler.getYAxisTickMarkSpacingHint()) {,2178,
org/knowm/xchart/internal/chartpart/AxisTickCalculator_.java,221,RelationalOperatorReplacement,if (axisDirection == Direction.Y && tickSpace < 160) {,if (axisDirection == Direction.Y && tickSpace <= 160) {,2182,
org/knowm/xchart/internal/chartpart/AxisTickCalculator_.java,243,RelationalOperatorReplacement,} else if (significand < 1) {,} else if (significand <= 1) {,2184,
org/knowm/xchart/internal/chartpart/AxisTickCalculator_.java,244,RelationalOperatorReplacement,while (significand < 1) {,while (significand <= 1) {,2185,
org/knowm/xchart/internal/chartpart/AxisTickCalculator_.java,249,RelationalOperatorReplacement,while (significand >= 10 || significand == Double.NEGATIVE_INFINITY) {,while (significand > 10 || significand == Double.NEGATIVE_INFINITY) {,2186,
org/knowm/xchart/internal/chartpart/AxisTickCalculator_.java,257,RelationalOperatorReplacement,if (significand > 7.5) {,if (significand >= 7.5) {,2188,
org/knowm/xchart/internal/chartpart/AxisTickCalculator_.java,260,RelationalOperatorReplacement,} else if (significand > 3.5) {,} else if (significand >= 3.5) {,2189,
org/knowm/xchart/internal/chartpart/AxisTickCalculator_.java,263,RelationalOperatorReplacement,} else if (significand > 1.5) {,} else if (significand >= 1.5) {,2190,
org/knowm/xchart/internal/chartpart/AxisTickCalculator_.java,358,RelationalOperatorReplacement,if (values.size() < 2) {,if (values.size() <= 2) {,2194,
org/knowm/xchart/internal/chartpart/AxisTickCalculator_.java,363,RelationalOperatorReplacement,if (threshold > Math.abs(maxValue - minValue)) {,if (threshold >= Math.abs(maxValue - minValue)) {,2195,
org/knowm/xchart/internal/chartpart/AxisTickCalculator_.java,368,RelationalOperatorReplacement,.allMatch(x -> Math.abs(x - space) < threshold);,.allMatch(x -> Math.abs(x - space) <= threshold);,2196,
org/knowm/xchart/internal/chartpart/AxisTickCalculator_Category.java,64,RelationalOperatorReplacement,if (0 < xAxisMaxLabelCount && xAxisMaxLabelCount < categories.size()) {,if (0 <= xAxisMaxLabelCount && xAxisMaxLabelCount < categories.size()) {,2244,
org/knowm/xchart/internal/chartpart/AxisTickCalculator_Category.java,64,RelationalOperatorReplacement,if (0 < xAxisMaxLabelCount && xAxisMaxLabelCount < categories.size()) {,if (0 < xAxisMaxLabelCount && xAxisMaxLabelCount <= categories.size()) {,2245,
org/knowm/xchart/internal/chartpart/AxisTickCalculator_Category.java,67,RelationalOperatorReplacement,for (double stepIdx = 0; Math.round(stepIdx) < categories.size(); stepIdx += step) {,for (double stepIdx = 0; Math.round(stepIdx) <= categories.size(); stepIdx += step) {,2246,
org/knowm/xchart/internal/chartpart/AxisTickCalculator_Date.java,111,RelationalOperatorReplacement,if (tickSpace < styler.getXAxisTickMarkSpacingHint()) {,if (tickSpace <= styler.getXAxisTickMarkSpacingHint()) {,2347,
org/knowm/xchart/internal/chartpart/AxisTickCalculator_Date.java,117,RelationalOperatorReplacement,if (minValue > maxValue && minValue == Double.MAX_VALUE) {,if (minValue >= maxValue && minValue == Double.MAX_VALUE) {,2348,
org/knowm/xchart/internal/chartpart/AxisTickCalculator_Date.java,159,RelationalOperatorReplacement,for (int i = 0; i < timeSpans.size() - 1; i++) {,for (int i = 0; i <= timeSpans.size() - 1; i++) {,2352,
org/knowm/xchart/internal/chartpart/AxisTickCalculator_Date.java,178,RelationalOperatorReplacement,for (int i = index - 1; i > 0; i--) {,for (int i = index - 1; i >= 0; i--) {,2354,
org/knowm/xchart/internal/chartpart/AxisTickCalculator_Date.java,180,RelationalOperatorReplacement,if (gridStepHint > timeSpans.get(i).getUnitAmount() * timeSpans.get(i).getMagnitude()) {,if (gridStepHint >= timeSpans.get(i).getUnitAmount() * timeSpans.get(i).getMagnitude()) {,2355,
org/knowm/xchart/internal/chartpart/AxisTickCalculator_Date.java,204,RelationalOperatorReplacement,if (gridStepInChartSpace < 10 && index < timeSpans.size() - 1) {,if (gridStepInChartSpace <= 10 && index < timeSpans.size() - 1) {,2356,
org/knowm/xchart/internal/chartpart/AxisTickCalculator_Date.java,204,RelationalOperatorReplacement,if (gridStepInChartSpace < 10 && index < timeSpans.size() - 1) {,if (gridStepInChartSpace < 10 && index <= timeSpans.size() - 1) {,2357,
org/knowm/xchart/internal/chartpart/AxisTickCalculator_Date.java,231,RelationalOperatorReplacement,value <= maxValue + 2 * gridStep;,value < maxValue + 2 * gridStep;,2359,
org/knowm/xchart/internal/chartpart/AxisTickCalculator_Date.java,244,RelationalOperatorReplacement,if (index >= timeSpans.size() - 1) {,if (index > timeSpans.size() - 1) {,2360,
org/knowm/xchart/internal/chartpart/AxisTickCalculator_Logarithmic.java,76,RelationalOperatorReplacement,if (tickSpace < styler.getXAxisTickMarkSpacingHint()) {,if (tickSpace <= styler.getXAxisTickMarkSpacingHint()) {,2392,
org/knowm/xchart/internal/chartpart/AxisTickCalculator_Logarithmic.java,115,RelationalOperatorReplacement,for (int i = logMin; i <= logMax; i++) { // for each decade,for (int i = logMin; i < logMax; i++) { // for each decade,2394,
org/knowm/xchart/internal/chartpart/AxisTickCalculator_Logarithmic.java,122,RelationalOperatorReplacement,for (int j = firstPosition; j <= 10; j++) {,for (int j = firstPosition; j < 10; j++) {,2395,
org/knowm/xchart/internal/chartpart/AxisTickCalculator_Logarithmic.java,128,RelationalOperatorReplacement,if (tickValue < minValue - tickStep) {,if (tickValue <= minValue - tickStep) {,2396,
org/knowm/xchart/internal/chartpart/AxisTickCalculator_Logarithmic.java,133,RelationalOperatorReplacement,if (tickValue > maxValue + tickStep) {,if (tickValue >= maxValue + tickStep) {,2397,
org/knowm/xchart/internal/chartpart/AxisTickCalculator_Logarithmic.java,157,RelationalOperatorReplacement,if (tickLocations.size() <= 1) {,if (tickLocations.size() < 1) {,2400,
org/knowm/xchart/internal/chartpart/AxisTickLabels.java,64,RelationalOperatorReplacement,for (int i = 0; i < yAxis.getAxisTickCalculator().getTickLabels().size(); i++) {,for (int i = 0; i <= yAxis.getAxisTickCalculator().getTickLabels().size(); i++) {,2470,
org/knowm/xchart/internal/chartpart/AxisTickLabels.java,72,RelationalOperatorReplacement,&& flippedTickLocation > yOffset,&& flippedTickLocation >= yOffset,2472,
org/knowm/xchart/internal/chartpart/AxisTickLabels.java,73,RelationalOperatorReplacement,&& flippedTickLocation < yOffset + height) { // some are null for logarithmic axes,&& flippedTickLocation <= yOffset + height) { // some are null for logarithmic axes,2473,
org/knowm/xchart/internal/chartpart/AxisTickLabels.java,79,RelationalOperatorReplacement,if (boundWidth > maxTickLabelWidth) {,if (boundWidth >= maxTickLabelWidth) {,2474,
org/knowm/xchart/internal/chartpart/AxisTickLabels.java,133,RelationalOperatorReplacement,for (int i = 0; i < chart.getXAxis().getAxisTickCalculator().getTickLabels().size(); i++) {,for (int i = 0; i <= chart.getXAxis().getAxisTickCalculator().getTickLabels().size(); i++) {,2476,
org/knowm/xchart/internal/chartpart/AxisTickLabels.java,142,RelationalOperatorReplacement,&& shiftedTickLocation > xOffset,&& shiftedTickLocation >= xOffset,2478,
org/knowm/xchart/internal/chartpart/AxisTickLabels.java,143,RelationalOperatorReplacement,&& shiftedTickLocation < xOffset + width) {,&& shiftedTickLocation <= xOffset + width) {,2479,
org/knowm/xchart/internal/chartpart/AxisTickLabels.java,156,RelationalOperatorReplacement,if (tickLabelBounds.getBounds().height > maxTickLabelY) {,if (tickLabelBounds.getBounds().height >= maxTickLabelY) {,2480,
org/knowm/xchart/internal/chartpart/AxisTickLabels.java,163,RelationalOperatorReplacement,for (int i = 0; i < chart.getXAxis().getAxisTickCalculator().getTickLabels().size(); i++) {,for (int i = 0; i <= chart.getXAxis().getAxisTickCalculator().getTickLabels().size(); i++) {,2481,
org/knowm/xchart/internal/chartpart/AxisTickLabels.java,172,RelationalOperatorReplacement,&& shiftedTickLocation > xOffset,&& shiftedTickLocation >= xOffset,2483,
org/knowm/xchart/internal/chartpart/AxisTickLabels.java,173,RelationalOperatorReplacement,&& shiftedTickLocation < xOffset + width) { // some are null for logarithmic axes,&& shiftedTickLocation <= xOffset + width) { // some are null for logarithmic axes,2484,
org/knowm/xchart/internal/chartpart/AxisTickLabels.java,225,RelationalOperatorReplacement,if (xPos > 0 && xPos + tickLabelBounds.getWidth() < chart.getWidth()) {,if (xPos >= 0 && xPos + tickLabelBounds.getWidth() < chart.getWidth()) {,2485,
org/knowm/xchart/internal/chartpart/AxisTickLabels.java,225,RelationalOperatorReplacement,if (xPos > 0 && xPos + tickLabelBounds.getWidth() < chart.getWidth()) {,if (xPos > 0 && xPos + tickLabelBounds.getWidth() <= chart.getWidth()) {,2486,
org/knowm/xchart/internal/chartpart/AxisTickLabels.java,243,RelationalOperatorReplacement,if (tickLabelBounds.getHeight() > maxTickLabelHeight) {,if (tickLabelBounds.getHeight() >= maxTickLabelHeight) {,2487,
org/knowm/xchart/internal/chartpart/AxisTickMarks.java,76,RelationalOperatorReplacement,for (int i = 0; i < yAxis.getAxisTickCalculator().getTickLabels().size(); i++) {,for (int i = 0; i <= yAxis.getAxisTickCalculator().getTickLabels().size(); i++) {,2528,
org/knowm/xchart/internal/chartpart/AxisTickMarks.java,80,RelationalOperatorReplacement,if (flippedTickLocation > bounds.getY(),if (flippedTickLocation >= bounds.getY(),2529,
org/knowm/xchart/internal/chartpart/AxisTickMarks.java,81,RelationalOperatorReplacement,&& flippedTickLocation < bounds.getY() + bounds.getHeight()) {,&& flippedTickLocation <= bounds.getY() + bounds.getHeight()) {,2530,
org/knowm/xchart/internal/chartpart/AxisTickMarks.java,125,RelationalOperatorReplacement,for (int i = 0; i < chart.getXAxis().getAxisTickCalculator().getTickLabels().size(); i++) {,for (int i = 0; i <= chart.getXAxis().getAxisTickCalculator().getTickLabels().size(); i++) {,2532,
org/knowm/xchart/internal/chartpart/AxisTickMarks.java,130,RelationalOperatorReplacement,if (shiftedTickLocation > bounds.getX(),if (shiftedTickLocation >= bounds.getX(),2533,
org/knowm/xchart/internal/chartpart/AxisTickMarks.java,131,RelationalOperatorReplacement,&& shiftedTickLocation < bounds.getX() + bounds.getWidth()) {,&& shiftedTickLocation <= bounds.getX() + bounds.getWidth()) {,2534,
org/knowm/xchart/internal/chartpart/BoxPlotDataCalculator.java,91,RelationalOperatorReplacement,if (boxPlotData.lower < data.get(0)) {,if (boxPlotData.lower <= data.get(0)) {,2648,
org/knowm/xchart/internal/chartpart/BoxPlotDataCalculator.java,97,RelationalOperatorReplacement,if (boxPlotData.upper > data.get(data.size() - 1)) {,if (boxPlotData.upper >= data.get(data.size() - 1)) {,2649,
org/knowm/xchart/internal/chartpart/ChartButton.java,99,RelationalOperatorReplacement,for (int i = listeners.length - 2; i >= 0; i -= 2) {,for (int i = listeners.length - 2; i > 0; i -= 2) {,2814,
org/knowm/xchart/internal/chartpart/ChartButton.java,118,RelationalOperatorReplacement,if (boundsWidth < 30) {,if (boundsWidth <= 30) {,2816,
org/knowm/xchart/internal/chartpart/ChartTitle.java,104,RelationalOperatorReplacement,if (chart.getStyler().isChartTitleVisible() && chart.getTitle().length() > 0) {,if (chart.getStyler().isChartTitleVisible() && chart.getTitle().length() >= 0) {,2864,
org/knowm/xchart/internal/chartpart/ChartZoom.java,112,RelationalOperatorReplacement,if (x2 < x1) {,if (x2 <= x1) {,2911,
org/knowm/xchart/internal/chartpart/ChartZoom.java,164,RelationalOperatorReplacement,if (x >= minValue && x <= maxValue) {,if (x > minValue && x <= maxValue) {,2912,
org/knowm/xchart/internal/chartpart/ChartZoom.java,164,RelationalOperatorReplacement,if (x >= minValue && x <= maxValue) {,if (x >= minValue && x < maxValue) {,2913,
org/knowm/xchart/internal/chartpart/ChartZoom.java,233,RelationalOperatorReplacement,if (x1 > x2) {,if (x1 >= x2) {,2915,
org/knowm/xchart/internal/chartpart/Cursor.java,73,RelationalOperatorReplacement,if (matchingDataPointList.size() > 0) {,if (matchingDataPointList.size() >= 0) {,3011,
org/knowm/xchart/internal/chartpart/Cursor.java,104,RelationalOperatorReplacement,if (matchingDataPointList.size() > 0) {,if (matchingDataPointList.size() >= 0) {,3012,
org/knowm/xchart/internal/chartpart/Cursor.java,149,RelationalOperatorReplacement,if (maxLinewidth < dataPointRectangle.getWidth()) {,if (maxLinewidth <= dataPointRectangle.getWidth()) {,3013,
org/knowm/xchart/internal/chartpart/Cursor.java,236,RelationalOperatorReplacement,&& chart.plot.plotContent.getBounds().getY() < mouseY,&& chart.plot.plotContent.getBounds().getY() <= mouseY,3017,
org/knowm/xchart/internal/chartpart/Cursor.java,244,RelationalOperatorReplacement,if (dataPoints.size() > 0) {,if (dataPoints.size() >= 0) {,3019,
org/knowm/xchart/internal/chartpart/Cursor.java,250,RelationalOperatorReplacement,if (Math.abs(dataPoint.x - mouseX) < Math.abs(map.get(seriesName).x - mouseX)) {,if (Math.abs(dataPoint.x - mouseX) <= Math.abs(map.get(seriesName).x - mouseX)) {,3020,
org/knowm/xchart/internal/chartpart/Formatter_LogNumber.java,58,RelationalOperatorReplacement,if (Math.abs(number) > 1000.0 || Math.abs(number) < 0.001) {,if (Math.abs(number) >= 1000.0 || Math.abs(number) < 0.001) {,3059,
org/knowm/xchart/internal/chartpart/Formatter_LogNumber.java,58,RelationalOperatorReplacement,if (Math.abs(number) > 1000.0 || Math.abs(number) < 0.001) {,if (Math.abs(number) > 1000.0 || Math.abs(number) <= 0.001) {,3060,
org/knowm/xchart/internal/chartpart/Formatter_Number.java,76,RelationalOperatorReplacement,if (placeOfDifference <= 4 && placeOfDifference >= -4) {,if (placeOfDifference < 4 && placeOfDifference >= -4) {,3099,
org/knowm/xchart/internal/chartpart/Formatter_Number.java,76,RelationalOperatorReplacement,if (placeOfDifference <= 4 && placeOfDifference >= -4) {,if (placeOfDifference <= 4 && placeOfDifference > -4) {,3100,
org/knowm/xchart/internal/chartpart/Formatter_Number.java,89,RelationalOperatorReplacement,for (int i = maxNumPlaces - 1; i >= -1 * maxNumPlaces; i--) {,for (int i = maxNumPlaces - 1; i > -1 * maxNumPlaces; i--) {,3101,
org/knowm/xchart/internal/chartpart/Formatter_Number.java,91,RelationalOperatorReplacement,if (i >= 0 && (i < placeOfValue)) {,if (i > 0 && (i < placeOfValue)) {,3102,
org/knowm/xchart/internal/chartpart/Formatter_Number.java,91,RelationalOperatorReplacement,if (i >= 0 && (i < placeOfValue)) {,if (i >= 0 && (i <= placeOfValue)) {,3103,
org/knowm/xchart/internal/chartpart/Formatter_Number.java,93,RelationalOperatorReplacement,} else if (i < 0 && (i > placeOfValue)) {,} else if (i <= 0 && (i > placeOfValue)) {,3104,
org/knowm/xchart/internal/chartpart/Formatter_Number.java,93,RelationalOperatorReplacement,} else if (i < 0 && (i > placeOfValue)) {,} else if (i < 0 && (i >= placeOfValue)) {,3105,
org/knowm/xchart/internal/chartpart/Formatter_Number.java,98,RelationalOperatorReplacement,if (i % 3 == 0 && i > 0) {,if (i % 3 == 0 && i >= 0) {,3107,
org/knowm/xchart/internal/chartpart/Legend_.java,51,RelationalOperatorReplacement,if (chart.getPlot().getBounds().getWidth() < 30) {,if (chart.getPlot().getBounds().getWidth() <= 30) {,3241,
org/knowm/xchart/internal/chartpart/Legend_HeatMap.java,47,RelationalOperatorReplacement,if (chart.getPlot().getBounds().getWidth() < 30) {,if (chart.getPlot().getBounds().getWidth() <= 30) {,3445,
org/knowm/xchart/internal/chartpart/Legend_HeatMap.java,126,RelationalOperatorReplacement,for (int i = 0; i < splitNumber; i++) {,for (int i = 0; i <= splitNumber; i++) {,3446,
org/knowm/xchart/internal/chartpart/Legend_HeatMap.java,243,RelationalOperatorReplacement,for (int i = 0; i < splitNumber; i++) {,for (int i = 0; i <= splitNumber; i++) {,3452,
org/knowm/xchart/internal/chartpart/Legend_HeatMap.java,287,RelationalOperatorReplacement,if (i > 0) {,if (i >= 0) {,3457,
org/knowm/xchart/internal/chartpart/Legend_HeatMap.java,363,RelationalOperatorReplacement,for (int i = 0; i < rangeColors.length; i++) {,for (int i = 0; i <= rangeColors.length; i++) {,3460,
org/knowm/xchart/internal/chartpart/PlotContent_.java,44,RelationalOperatorReplacement,if (bounds.getWidth() < 30) {,if (bounds.getWidth() <= 30) {,3618,
org/knowm/xchart/internal/chartpart/PlotContent_Box.java,93,RelationalOperatorReplacement,if (yOrig > boxPlotData.upper || yOrig < boxPlotData.lower) {,if (yOrig >= boxPlotData.upper || yOrig < boxPlotData.lower) {,3744,
org/knowm/xchart/internal/chartpart/PlotContent_Box.java,93,RelationalOperatorReplacement,if (yOrig > boxPlotData.upper || yOrig < boxPlotData.lower) {,if (yOrig > boxPlotData.upper || yOrig <= boxPlotData.lower) {,3745,
org/knowm/xchart/internal/chartpart/PlotContent_Bubble.java,62,RelationalOperatorReplacement,for (int i = 0; i < series.getXData().length; i++) {,for (int i = 0; i <= series.getXData().length; i++) {,3777,
org/knowm/xchart/internal/chartpart/PlotContent_Category_Bar.java,58,RelationalOperatorReplacement,if (yMin > 0.0 && yMax > 0.0) {,if (yMin >= 0.0 && yMax > 0.0) {,3993,
org/knowm/xchart/internal/chartpart/PlotContent_Category_Bar.java,58,RelationalOperatorReplacement,if (yMin > 0.0 && yMax > 0.0) {,if (yMin > 0.0 && yMax >= 0.0) {,3994,
org/knowm/xchart/internal/chartpart/PlotContent_Category_Bar.java,60,RelationalOperatorReplacement,} else if (yMin < 0.0 && yMax < 0.0) {,} else if (yMin <= 0.0 && yMax < 0.0) {,3995,
org/knowm/xchart/internal/chartpart/PlotContent_Category_Bar.java,60,RelationalOperatorReplacement,} else if (yMin < 0.0 && yMax < 0.0) {,} else if (yMin < 0.0 && yMax <= 0.0) {,3996,
org/knowm/xchart/internal/chartpart/PlotContent_Category_Bar.java,140,RelationalOperatorReplacement,if (y < yMin) {,if (y <= yMin) {,3999,
org/knowm/xchart/internal/chartpart/PlotContent_Category_Bar.java,154,RelationalOperatorReplacement,if (y > yMax) {,if (y >= yMax) {,4000,
org/knowm/xchart/internal/chartpart/PlotContent_Category_Bar.java,167,RelationalOperatorReplacement,if (y >= 0.0) { // positive,if (y > 0.0) { // positive,4001,
org/knowm/xchart/internal/chartpart/PlotContent_Category_Bar.java,210,RelationalOperatorReplacement,if (seriesCounter == 0 || next.doubleValue() > 0) {,if (seriesCounter == 0 || next.doubleValue() >= 0) {,4009,
org/knowm/xchart/internal/chartpart/PlotContent_Category_Bar.java,252,RelationalOperatorReplacement,if (y < 0) {,if (y <= 0) {,4012,
org/knowm/xchart/internal/chartpart/PlotContent_Category_Bar.java,267,RelationalOperatorReplacement,if ((previousY > 0 && y < 0) || (previousY < 0 && y > 0)) {,if ((previousY >= 0 && y < 0) || (previousY < 0 && y > 0)) {,4014,
org/knowm/xchart/internal/chartpart/PlotContent_Category_Bar.java,267,RelationalOperatorReplacement,if ((previousY > 0 && y < 0) || (previousY < 0 && y > 0)) {,if ((previousY > 0 && y <= 0) || (previousY < 0 && y > 0)) {,4015,
org/knowm/xchart/internal/chartpart/PlotContent_Category_Bar.java,267,RelationalOperatorReplacement,if ((previousY > 0 && y < 0) || (previousY < 0 && y > 0)) {,if ((previousY > 0 && y < 0) || (previousY <= 0 && y > 0)) {,4016,
org/knowm/xchart/internal/chartpart/PlotContent_Category_Bar.java,267,RelationalOperatorReplacement,if ((previousY > 0 && y < 0) || (previousY < 0 && y > 0)) {,if ((previousY > 0 && y < 0) || (previousY < 0 && y >= 0)) {,4017,
org/knowm/xchart/internal/chartpart/PlotContent_Category_Bar.java,381,RelationalOperatorReplacement,if (y <= 0) {,if (y < 0) {,4023,
org/knowm/xchart/internal/chartpart/PlotContent_Category_Bar.java,423,RelationalOperatorReplacement,if (xOffset < previousX) {,if (xOffset <= previousX) {,4031,
org/knowm/xchart/internal/chartpart/PlotContent_Category_Bar.java,459,RelationalOperatorReplacement,if (y > 0) {,if (y >= 0) {,4034,
org/knowm/xchart/internal/chartpart/PlotContent_Category_Bar.java,467,RelationalOperatorReplacement,if (y > 0) {,if (y >= 0) {,4035,
org/knowm/xchart/internal/chartpart/PlotContent_Category_Bar.java,491,RelationalOperatorReplacement,if (y < 0) {,if (y <= 0) {,4036,
org/knowm/xchart/internal/chartpart/PlotContent_Category_Bar.java,602,RelationalOperatorReplacement,if (stylerCategory.getLabelsRotation() > 0) {,if (stylerCategory.getLabelsRotation() >= 0) {,4040,
org/knowm/xchart/internal/chartpart/PlotContent_Category_Bar.java,613,RelationalOperatorReplacement,if (next.doubleValue() >= 0.0) {,if (next.doubleValue() > 0.0) {,4041,
org/knowm/xchart/internal/chartpart/PlotContent_Dial.java,52,RelationalOperatorReplacement,for (int i = 0; i < donutColorArr.length; i++) {,for (int i = 0; i <= donutColorArr.length; i++) {,4231,
org/knowm/xchart/internal/chartpart/PlotContent_Dial.java,55,RelationalOperatorReplacement,if (to <= from || to < 0 || from < 0) {,if (to < from || to < 0 || from < 0) {,4232,
org/knowm/xchart/internal/chartpart/PlotContent_Dial.java,55,RelationalOperatorReplacement,if (to <= from || to < 0 || from < 0) {,if (to <= from || to <= 0 || from < 0) {,4233,
org/knowm/xchart/internal/chartpart/PlotContent_Dial.java,55,RelationalOperatorReplacement,if (to <= from || to < 0 || from < 0) {,if (to <= from || to < 0 || from <= 0) {,4234,
org/knowm/xchart/internal/chartpart/PlotContent_Dial.java,73,RelationalOperatorReplacement,if (markCount > 0 && styler.isAxisTicksMarksVisible()) {,if (markCount >= 0 && styler.isAxisTicksMarksVisible()) {,4235,
org/knowm/xchart/internal/chartpart/PlotContent_Dial.java,77,RelationalOperatorReplacement,for (int i = 0; i < markCount; i++) {,for (int i = 0; i <= markCount; i++) {,4236,
org/knowm/xchart/internal/chartpart/PlotContent_Dial.java,110,RelationalOperatorReplacement,if (axisTickValues[i] < 0.49) {,if (axisTickValues[i] <= 0.49) {,4237,
org/knowm/xchart/internal/chartpart/PlotContent_Dial.java,112,RelationalOperatorReplacement,} else if (axisTickValues[i] > 0.51) {,} else if (axisTickValues[i] >= 0.51) {,4238,
org/knowm/xchart/internal/chartpart/PlotContent_Dial.java,196,RelationalOperatorReplacement,if (styler.getArcAngle() > 180) {,if (styler.getArcAngle() >= 180) {,4241,
org/knowm/xchart/internal/chartpart/PlotContent_Dial.java,274,RelationalOperatorReplacement,if (styler.getArcAngle() > 180) {,if (styler.getArcAngle() >= 180) {,4244,
org/knowm/xchart/internal/chartpart/PlotContent_Dial.java,277,RelationalOperatorReplacement,if (2 * r > boundsWidth * pieFillPercentage) {,if (2 * r >= boundsWidth * pieFillPercentage) {,4245,
org/knowm/xchart/internal/chartpart/PlotContent_Dial.java,288,RelationalOperatorReplacement,if (2 * sin * r > boundsWidth * pieFillPercentage) {,if (2 * sin * r >= boundsWidth * pieFillPercentage) {,4246,
org/knowm/xchart/internal/chartpart/PlotContent_Dial.java,304,RelationalOperatorReplacement,if (styler.getArcAngle() > 180) {,if (styler.getArcAngle() >= 180) {,4247,
org/knowm/xchart/internal/chartpart/PlotContent_HeatMap.java,76,RelationalOperatorReplacement,if (x >= xData.size() || y >= yData.size()) {,if (x > xData.size() || y >= yData.size()) {,4338,
org/knowm/xchart/internal/chartpart/PlotContent_HeatMap.java,76,RelationalOperatorReplacement,if (x >= xData.size() || y >= yData.size()) {,if (x >= xData.size() || y > yData.size()) {,4339,
org/knowm/xchart/internal/chartpart/PlotContent_HeatMap.java,121,RelationalOperatorReplacement,if (value <= min) {,if (value < min) {,4340,
org/knowm/xchart/internal/chartpart/PlotContent_HeatMap.java,123,RelationalOperatorReplacement,} else if (value >= max) {,} else if (value > max) {,4341,
org/knowm/xchart/internal/chartpart/PlotContent_HeatMap.java,141,RelationalOperatorReplacement,for (int i = 0; i < splitNumber; i++) {,for (int i = 0; i <= splitNumber; i++) {,4342,
org/knowm/xchart/internal/chartpart/PlotContent_HeatMap.java,197,RelationalOperatorReplacement,if ((int) index < rangeColors.length - 1) {,if ((int) index <= rangeColors.length - 1) {,4348,
org/knowm/xchart/internal/chartpart/PlotContent_OHLC.java,82,RelationalOperatorReplacement,for (int i = 0; i < xData.length; i++) {,for (int i = 0; i <= xData.length; i++) {,4466,
org/knowm/xchart/internal/chartpart/PlotContent_OHLC.java,163,RelationalOperatorReplacement,for (int i = 0; i < xData.length; i++) {,for (int i = 0; i <= xData.length; i++) {,4472,
org/knowm/xchart/internal/chartpart/PlotContent_OHLC.java,241,RelationalOperatorReplacement,if (closeOrig > openOrig) {,if (closeOrig >= openOrig) {,4482,
org/knowm/xchart/internal/chartpart/PlotContent_OHLC.java,260,RelationalOperatorReplacement,if (closeOrig > openOrig) {,if (closeOrig >= openOrig) {,4484,
org/knowm/xchart/internal/chartpart/PlotContent_Pie.java,227,RelationalOperatorReplacement,if (borderWidth > 0) {,if (borderWidth >= 0) {,4688,
org/knowm/xchart/internal/chartpart/PlotContent_Pie.java,350,RelationalOperatorReplacement,if (xDiff >= yDiff) { // assume more vertically orientated slice,if (xDiff > yDiff) { // assume more vertically orientated slice,4699,
org/knowm/xchart/internal/chartpart/PlotContent_Pie.java,351,RelationalOperatorReplacement,if (labelWidth < xDiff) {,if (labelWidth <= xDiff) {,4700,
org/knowm/xchart/internal/chartpart/PlotContent_Pie.java,354,RelationalOperatorReplacement,} else if (xDiff <= yDiff) { // assume more horizontally orientated slice,} else if (xDiff < yDiff) { // assume more horizontally orientated slice,4701,
org/knowm/xchart/internal/chartpart/PlotContent_Pie.java,355,RelationalOperatorReplacement,if (labelHeight < yDiff) {,if (labelHeight <= yDiff) {,4702,
org/knowm/xchart/internal/chartpart/PlotContent_Pie.java,374,RelationalOperatorReplacement,if (pieStyler.getLabelsDistance() <= 1.0) {,if (pieStyler.getLabelsDistance() < 1.0) {,4703,
org/knowm/xchart/internal/chartpart/PlotContent_Radar.java,69,RelationalOperatorReplacement,for (int i = 0; i < numRadiiLabels; i++) {,for (int i = 0; i <= numRadiiLabels; i++) {,4816,
org/knowm/xchart/internal/chartpart/PlotContent_Radar.java,80,RelationalOperatorReplacement,for (int i = 0; i < numRadiiLabels; i++) {,for (int i = 0; i <= numRadiiLabels; i++) {,4817,
org/knowm/xchart/internal/chartpart/PlotContent_Radar.java,137,RelationalOperatorReplacement,if (markCount > 0 && styler.isRadiiTicksMarksVisible()) {,if (markCount >= 0 && styler.isRadiiTicksMarksVisible()) {,4818,
org/knowm/xchart/internal/chartpart/PlotContent_Radar.java,148,RelationalOperatorReplacement,for (int i = 0; i < markCount; i++) {,for (int i = 0; i <= markCount; i++) {,4820,
org/knowm/xchart/internal/chartpart/PlotContent_Radar.java,172,RelationalOperatorReplacement,for (int markerInd = 0; markerInd < markCount; markerInd++) {,for (int markerInd = 0; markerInd <= markCount; markerInd++) {,4823,
org/knowm/xchart/internal/chartpart/PlotContent_Radar.java,174,RelationalOperatorReplacement,for (int varInd = 0; varInd < numRadiiLabels; varInd++) {,for (int varInd = 0; varInd <= numRadiiLabels; varInd++) {,4824,
org/knowm/xchart/internal/chartpart/PlotContent_Radar.java,214,RelationalOperatorReplacement,for (int i = 0; i < numRadiiLabels; i++) {,for (int i = 0; i <= numRadiiLabels; i++) {,4828,
org/knowm/xchart/internal/chartpart/PlotContent_XY.java,89,RelationalOperatorReplacement,for (int i = 0; i < xData.length; i++) {,for (int i = 0; i <= xData.length; i++) {,4929,
org/knowm/xchart/internal/chartpart/PlotContent_XY.java,238,RelationalOperatorReplacement,if (xOffset < previousX,if (xOffset <= previousX,4955,
org/knowm/xchart/internal/chartpart/PlotSurface_AxesChart.java,47,RelationalOperatorReplacement,if (yOffset > bounds.getY() && yOffset < bounds.getY() + bounds.getHeight()) {,if (yOffset >= bounds.getY() && yOffset < bounds.getY() + bounds.getHeight()) {,5012,
org/knowm/xchart/internal/chartpart/PlotSurface_AxesChart.java,47,RelationalOperatorReplacement,if (yOffset > bounds.getY() && yOffset < bounds.getY() + bounds.getHeight()) {,if (yOffset > bounds.getY() && yOffset <= bounds.getY() + bounds.getHeight()) {,5013,
org/knowm/xchart/internal/chartpart/PlotSurface_AxesChart.java,77,RelationalOperatorReplacement,if (yOffset > bounds.getY() && yOffset < bounds.getY() + bounds.getHeight()) {,if (yOffset >= bounds.getY() && yOffset < bounds.getY() + bounds.getHeight()) {,5014,
org/knowm/xchart/internal/chartpart/PlotSurface_AxesChart.java,77,RelationalOperatorReplacement,if (yOffset > bounds.getY() && yOffset < bounds.getY() + bounds.getHeight()) {,if (yOffset > bounds.getY() && yOffset <= bounds.getY() + bounds.getHeight()) {,5015,
org/knowm/xchart/internal/chartpart/PlotSurface_AxesChart.java,98,RelationalOperatorReplacement,if (yOffset > bounds.getY() && yOffset < bounds.getY() + bounds.getHeight()) {,if (yOffset >= bounds.getY() && yOffset < bounds.getY() + bounds.getHeight()) {,5016,
org/knowm/xchart/internal/chartpart/PlotSurface_AxesChart.java,98,RelationalOperatorReplacement,if (yOffset > bounds.getY() && yOffset < bounds.getY() + bounds.getHeight()) {,if (yOffset > bounds.getY() && yOffset <= bounds.getY() + bounds.getHeight()) {,5017,
org/knowm/xchart/internal/chartpart/PlotSurface_AxesChart.java,125,RelationalOperatorReplacement,if (xOffset > bounds.getX() && xOffset < bounds.getX() + bounds.getWidth()) {,if (xOffset >= bounds.getX() && xOffset < bounds.getX() + bounds.getWidth()) {,5018,
org/knowm/xchart/internal/chartpart/PlotSurface_AxesChart.java,125,RelationalOperatorReplacement,if (xOffset > bounds.getX() && xOffset < bounds.getX() + bounds.getWidth()) {,if (xOffset > bounds.getX() && xOffset <= bounds.getX() + bounds.getWidth()) {,5019,
org/knowm/xchart/internal/chartpart/ToolTips.java,223,RelationalOperatorReplacement,if (backgroundWidth < bounds.getWidth()) {,if (backgroundWidth <= bounds.getWidth()) {,5158,
org/knowm/xchart/internal/chartpart/ToolTips.java,235,RelationalOperatorReplacement,if (tooltip.x + MOUSE_MARGIN + backgroundWidth > clipBounds.getX() + clipBounds.getWidth()) {,if (tooltip.x + MOUSE_MARGIN + backgroundWidth >= clipBounds.getX() + clipBounds.getWidth()) {,5159,
org/knowm/xchart/internal/chartpart/ToolTips.java,239,RelationalOperatorReplacement,if (tooltip.y + MOUSE_MARGIN + backgroundHeight > clipBounds.getY() + clipBounds.getHeight()) {,if (tooltip.y + MOUSE_MARGIN + backgroundHeight >= clipBounds.getY() + clipBounds.getHeight()) {,5160,
org/knowm/xchart/internal/series/AxesChartSeries.java,94,RelationalOperatorReplacement,if (this.lineWidth > 0.0f) {,if (this.lineWidth >= 0.0f) {,5199,
org/knowm/xchart/internal/series/AxesChartSeriesCategory.java,127,NullifyReturnValue,"return new double[] {min, max};",return null;,5234,
org/knowm/xchart/internal/series/AxesChartSeriesCategory.java,155,NullifyReturnValue,"return new double[] {Double.NaN, Double.NaN};",return null;,5235,
org/knowm/xchart/internal/series/AxesChartSeriesCategory.java,165,NullifyReturnValue,"return new double[] {min, max};",return null;,5236,
org/knowm/xchart/internal/series/AxesChartSeriesCategory.java,120,RelationalOperatorReplacement,if (bigDecimal - eb < min) {,if (bigDecimal - eb <= min) {,5244,
org/knowm/xchart/internal/series/AxesChartSeriesCategory.java,123,RelationalOperatorReplacement,if (bigDecimal + eb > max) {,if (bigDecimal + eb >= max) {,5245,
org/knowm/xchart/internal/series/AxesChartSeriesCategory.java,157,RelationalOperatorReplacement,if (value < min) {,if (value <= min) {,5250,
org/knowm/xchart/internal/series/AxesChartSeriesCategory.java,160,RelationalOperatorReplacement,if (value > max) {,if (value >= max) {,5251,
org/knowm/xchart/internal/series/AxesChartSeriesNumericalNoErrorBars.java,167,NullifyReturnValue,"return new double[] {min, max};",return null;,5279,
org/knowm/xchart/internal/series/AxesChartSeriesNumericalNoErrorBars.java,216,NullifyReturnValue,"return new double[] {min, max};",return null;,5280,
org/knowm/xchart/internal/series/AxesChartSeriesNumericalNoErrorBars.java,231,NullifyReturnValue,return xData;,return null;,5281,
org/knowm/xchart/internal/series/AxesChartSeriesNumericalNoErrorBars.java,236,NullifyReturnValue,return yData;,return null;,5282,
org/knowm/xchart/internal/series/AxesChartSeriesNumericalNoErrorBars.java,241,NullifyReturnValue,return extraValues;,return null;,5283,
org/knowm/xchart/internal/series/AxesChartSeriesNumericalNoErrorBars.java,94,RelationalOperatorReplacement,for (int i = 0; i < length; i++) {,for (int i = 0; i <= length; i++) {,5288,
org/knowm/xchart/internal/series/AxesChartSeriesNumericalNoErrorBars.java,96,RelationalOperatorReplacement,boolean result = val >= minValue && val <= maxValue;,boolean result = val > minValue && val <= maxValue;,5289,
org/knowm/xchart/internal/series/AxesChartSeriesNumericalNoErrorBars.java,96,RelationalOperatorReplacement,boolean result = val >= minValue && val <= maxValue;,boolean result = val >= minValue && val < maxValue;,5290,
org/knowm/xchart/internal/series/AxesChartSeriesNumericalNoErrorBars.java,118,RelationalOperatorReplacement,for (int i = 0; i < length; i++) {,for (int i = 0; i <= length; i++) {,5293,
org/knowm/xchart/internal/series/AxesChartSeriesNumericalNoErrorBars.java,158,RelationalOperatorReplacement,if (dataPoint < min) {,if (dataPoint <= min) {,5294,
org/knowm/xchart/internal/series/AxesChartSeriesNumericalNoErrorBars.java,161,RelationalOperatorReplacement,if (dataPoint > max) {,if (dataPoint >= max) {,5295,
org/knowm/xchart/internal/series/AxesChartSeriesNumericalNoErrorBars.java,205,RelationalOperatorReplacement,for (int i = 0; i < data.length; i++) {,for (int i = 0; i <= data.length; i++) {,5297,
org/knowm/xchart/internal/series/AxesChartSeriesNumericalNoErrorBars.java,209,RelationalOperatorReplacement,if (d - eb < min) {,if (d - eb <= min) {,5298,
org/knowm/xchart/internal/series/AxesChartSeriesNumericalNoErrorBars.java,212,RelationalOperatorReplacement,if (d + eb > max) {,if (d + eb >= max) {,5299,
org/knowm/xchart/internal/series/Series.java,30,RelationalOperatorReplacement,if (name == null || name.length() < 1) {,if (name == null || name.length() <= 1) {,5345,
org/knowm/xchart/internal/style/SeriesColorMarkerLineStyleCycler.java,45,RelationalOperatorReplacement,if (colorCounter >= seriesColorList.length) {,if (colorCounter > seriesColorList.length) {,5377,
org/knowm/xchart/internal/style/SeriesColorMarkerLineStyleCycler.java,52,RelationalOperatorReplacement,if (strokeCounter >= seriesLineStyleList.length) {,if (strokeCounter > seriesLineStyleList.length) {,5378,
org/knowm/xchart/internal/style/SeriesColorMarkerLineStyleCycler.java,58,RelationalOperatorReplacement,if (markerCounter >= seriesMarkerList.length) {,if (markerCounter > seriesMarkerList.length) {,5379,
org/knowm/xchart/style/AxesChartStyler.java,425,RelationalOperatorReplacement,if (yAxisTickMarkSpacingHint < 0) {,if (yAxisTickMarkSpacingHint <= 0) {,5513,
org/knowm/xchart/style/CategoryStyler.java,222,RelationalOperatorReplacement,if (labelsPosition < 0 || labelsPosition > 1) {,if (labelsPosition <= 0 || labelsPosition > 1) {,5706,
org/knowm/xchart/style/CategoryStyler.java,222,RelationalOperatorReplacement,if (labelsPosition < 0 || labelsPosition > 1) {,if (labelsPosition < 0 || labelsPosition >= 1) {,5707,
org/knowm/xchart/style/DialStyler.java,177,NullifyReturnValue,return axisTickValues;,return null;,5767,
org/knowm/xchart/style/HeatMapStyler.java,106,RelationalOperatorReplacement,if (splitNumber > 0) {,if (splitNumber >= 0) {,5905,
org/knowm/xchart/style/HeatMapStyler.java,121,RelationalOperatorReplacement,if (rangeColors != null && rangeColors.length > 0) {,if (rangeColors != null && rangeColors.length >= 0) {,5907,
org/knowm/xchart/style/Styler.java,587,RelationalOperatorReplacement,if (plotContentSize < 0 || plotContentSize > 1) {,if (plotContentSize <= 0 || plotContentSize > 1) {,6255,
org/knowm/xchart/style/Styler.java,587,RelationalOperatorReplacement,if (plotContentSize < 0 || plotContentSize > 1) {,if (plotContentSize < 0 || plotContentSize >= 1) {,6256,
org/knowm/xchart/style/colors/FontColorDetector.java,19,RelationalOperatorReplacement,return backgroundColorPerceivedBrightness < BRIGHTNESS_THRESHOLD,return backgroundColorPerceivedBrightness <= BRIGHTNESS_THRESHOLD,6501,
org/knowm/xchart/style/markers/Trapezoid.java,12,RelationalOperatorReplacement,for (int i = 1; i <= 4; i++) {,for (int i = 1; i < 4; i++) {,6647,
